timestamp,engagement,impressions,reach,saved,id,like_count
2016-10-18 14:02:18,104,0,0,0,17855236483077308,99
2016-10-19 15:25:36,67,0,0,0,17853984304117237,58
2016-10-20 14:31:27,101,0,0,0,17843459995192371,94
2016-10-21 14:08:46,38,0,0,0,17863294771038670,37
2016-10-24 23:45:52,85,0,0,0,17864120158037953,81
2016-10-27 12:40:06,106,0,0,0,17864049496035750,88
2016-10-28 12:27:04,39,0,0,0,17858408956071207,39
2016-10-28 18:44:46,63,0,0,0,17843708674155733,56
2016-10-29 20:37:24,58,0,0,0,17858627830065107,55
2016-10-31 14:08:59,68,0,0,0,17865348127039629,61
2016-11-02 03:29:46,45,0,0,0,17865117949044238,39
2016-11-02 21:18:31,51,0,0,0,17854896958099289,50
2016-11-03 13:27:18,70,0,0,0,17867571406030559,63
2016-11-04 21:28:30,94,0,0,0,17844865813133010,92
2016-11-05 15:51:24,53,0,0,0,17856279349073959,51
2016-11-07 19:26:47,112,0,0,0,17854190062092273,107
2016-11-08 19:24:03,62,0,0,0,17844109843163291,61
2016-11-09 15:21:14,45,0,0,0,17844113848179220,42
2016-11-11 16:25:58,91,0,0,0,17855789644105822,88
2016-11-14 13:57:22,69,0,0,0,17864849041053469,67
2016-11-16 22:30:14,63,0,0,0,17844440518174401,62
2016-11-18 03:38:15,65,0,0,1,17866295143002812,60
2016-11-18 13:38:56,121,0,0,4,17854666465080258,107
2016-11-19 22:31:29,49,0,0,0,17844749791142526,49
2016-11-21 13:34:29,75,0,0,0,17867620429056477,73
2016-11-23 03:26:21,82,0,0,0,17844663901157657,80
2016-11-23 14:29:41,80,0,0,1,17844664384154038,76
2016-11-24 21:04:16,93,0,0,0,17844729142175449,92
2016-11-25 13:35:21,71,0,0,0,17864862550011474,66
2016-11-26 16:00:25,73,0,0,0,17844778615159081,70
2016-11-28 14:36:49,46,0,0,0,17844877801191391,44
2016-11-29 21:12:21,12,0,0,0,17866850302061350,12
2016-12-01 03:10:51,46,0,0,0,17844929980180573,41
2016-12-01 15:52:05,69,0,0,0,17858037718072497,66
2016-12-02 19:01:49,75,0,0,0,17856194800112590,68
2016-12-04 03:21:25,47,0,0,0,17860277242069409,47
2016-12-06 13:24:53,67,0,0,1,17855333650094577,65
2016-12-07 14:56:02,65,0,0,1,17845717291143255,62
2016-12-09 17:52:18,75,0,0,0,17867703946022421,71
2016-12-12 15:36:42,49,0,0,0,17856950074129711,48
2016-12-15 17:20:41,68,0,0,1,17856499582122653,66
2016-12-16 19:16:17,31,0,0,0,17845542814182998,29
2016-12-17 20:11:23,42,0,0,2,17845606507177844,40
2016-12-19 01:11:42,115,0,0,1,17845673656147002,110
2016-12-20 23:24:15,90,0,0,0,17845737730190607,87
2016-12-28 01:11:52,51,0,0,1,17846105614179197,49
2016-12-30 16:43:48,72,0,0,0,17847373828136107,69
2017-01-01 01:05:25,46,0,0,0,17862915817065331,45
2017-01-04 16:52:25,64,0,0,0,17846521369161914,60
2017-01-05 20:38:43,137,0,0,5,17869147534047700,125
2017-01-07 17:24:29,97,0,0,4,17857113235088978,91
2017-01-10 23:42:33,161,0,0,0,17846791129184000,153
2017-01-12 05:27:21,75,0,0,1,17846901691180699,72
2017-01-13 00:32:29,52,0,0,0,17848785682132209,52
2017-01-15 02:57:57,43,0,0,0,17869557586024115,43
2017-01-16 16:49:25,153,0,0,2,17863880371066011,147
2017-01-20 14:36:03,86,0,0,0,17847373045161299,82
2017-01-23 17:40:33,87,0,0,2,17857914286086967,84
2017-01-26 15:38:58,64,0,0,0,17847736738166921,62
2017-01-27 20:08:31,45,0,0,0,17847678583188926,45
2017-01-30 01:04:54,81,0,0,3,17870785498009457,74
2017-01-31 00:16:43,112,0,0,0,17881431289051230,102
2017-02-01 16:47:42,88,0,0,1,17870478622042103,81
2017-02-05 01:34:55,112,0,0,3,17848406479173235,107
2017-02-05 22:36:49,58,0,0,1,17865312412070586,56
2017-02-06 17:11:57,96,0,0,1,17862655198076391,92
2017-02-07 17:27:11,44,0,0,1,17848554823185333,42
2017-02-09 16:43:18,87,0,0,2,17861037613098562,82
2017-02-10 22:51:15,112,0,0,0,17848915483174364,107
2017-02-11 15:30:34,119,0,0,2,17848910473160017,115
2017-02-13 22:59:06,105,0,0,0,17850960469138260,92
2017-02-14 17:54:27,79,0,0,1,17866166143064953,75
2017-02-16 16:48:38,90,0,0,2,17871749071063260,86
2017-02-17 21:11:45,113,0,0,1,17859919069090015,105
2017-02-19 22:37:58,66,0,0,0,17849772316158292,64
2017-02-20 22:00:39,91,0,0,0,17851613251143204,89
2017-02-23 15:21:15,45,0,0,0,17873019565008396,43
2017-02-25 17:16:42,26,0,0,0,17851912159136291,26
2017-02-26 21:17:11,94,0,0,4,17873526208026307,88
2017-02-28 00:35:15,81,0,0,2,17873138128054381,79
2017-02-28 17:26:54,52,0,0,3,17873755780009562,48
2017-03-01 18:21:49,116,0,0,1,17852674477135947,111
2017-03-02 19:54:51,68,0,0,0,17852438230143323,68
2017-03-04 20:10:16,85,0,0,0,17873580556017358,78
2017-03-08 17:38:24,69,0,0,0,17873893651008701,63
2017-03-09 18:36:14,54,0,0,0,17852021770145219,54
2017-03-13 12:00:56,67,0,0,1,17850919018189156,64
2017-03-14 16:44:57,74,0,0,1,17861863474087538,69
2017-03-14 23:15:11,123,0,0,0,17863824196097323,116
2017-03-15 22:05:40,129,0,0,5,17862010180095508,118
2017-03-17 16:27:50,66,0,0,0,17864257207099482,63
2017-03-20 16:04:46,186,0,0,8,17863997425119429,165
2017-03-22 15:30:15,112,0,0,1,17875691737041656,110
2017-03-26 16:17:02,229,0,0,4,17852180125161988,214
2017-03-27 20:53:26,61,0,0,1,17875998796051063,56
2017-03-28 15:53:09,155,0,0,4,17867111341072768,143
2017-03-30 17:51:29,101,0,0,0,17864206495120477,94
2017-04-01 02:05:43,115,0,0,2,17863054714090831,104
2017-04-04 15:09:06,148,0,0,2,17865226618112002,145
2017-04-07 15:25:58,95,0,0,1,17855694901138953,90
2017-04-10 22:22:34,122,0,0,1,17877246670055156,119
2017-04-11 22:32:05,84,0,0,0,17866036771111167,80
2017-04-12 20:52:52,90,0,0,1,17868437704078741,87
2017-04-13 13:04:19,124,0,0,5,17868899596078562,114
2017-04-14 19:47:39,62,0,0,0,17866076440117473,58
2017-04-18 01:39:25,56,0,0,0,17856406189133741,53
2017-04-20 14:31:59,40,0,0,1,17853944029179343,39
2017-04-20 23:06:08,75,0,0,0,17878462402028751,68
2017-04-21 20:53:23,77,0,0,3,17866773205118872,67
2017-04-22 17:18:16,48,0,0,0,17853928309180208,44
2017-04-24 19:26:49,53,0,0,0,17854598275163515,46
2017-04-25 14:35:58,73,0,0,2,17867596021108062,67
2017-04-26 18:39:43,96,0,0,2,17873643136065245,92
2017-04-27 21:56:03,40,0,0,0,17865284008082747,39
2017-05-01 16:48:44,87,0,0,4,17855871931157407,80
2017-05-02 15:52:09,66,0,0,3,17878739923014294,61
2017-05-03 16:14:55,32,0,0,1,17880343285043909,31
2017-05-05 16:58:34,65,0,0,2,17855027596173767,62
2017-05-06 22:40:00,93,0,0,0,17857983718132623,85
2017-05-08 00:43:12,74,0,0,1,17855619460165888,70
2017-05-08 18:15:53,82,0,0,2,17868495874106399,79
2017-05-10 19:00:01,57,0,0,1,17880029461041057,53
2017-05-13 15:39:31,78,0,0,1,17868957364118626,77
2017-05-15 15:56:44,57,0,0,0,17869111015103900,50
2017-05-17 18:05:27,68,0,0,0,17856129430175563,65
2017-05-18 17:46:12,53,0,0,0,17869090261112115,50
2017-05-20 19:55:47,70,0,0,1,17869727656096552,68
2017-05-22 02:32:59,47,0,0,0,17880956455002538,45
2017-05-23 21:45:07,67,0,0,1,17867401426082122,63
2017-05-26 00:37:15,37,0,0,1,17857713274152105,35
2017-05-26 21:43:49,82,0,0,1,17882546323054127,78
2017-05-29 22:31:15,64,0,0,3,17857283149167085,60
2017-05-30 21:15:17,70,0,0,0,17858512411146738,66
2017-05-31 17:56:24,47,0,0,0,17857606912163426,45
2017-06-01 15:32:17,31,0,0,0,17868097762085759,27
2017-06-02 15:47:48,34,0,0,0,17860500976137946,33
2017-06-02 21:57:09,44,0,0,0,17860531543136501,44
2017-06-07 17:33:38,40,0,0,2,17860785901140517,38
2017-06-08 19:53:01,121,0,0,2,17871332497098825,112
2017-06-09 15:02:07,47,0,0,0,17883407959058365,47
2017-06-10 15:12:53,31,0,0,0,17859265174153459,31
2017-06-10 18:52:02,53,0,0,0,17874771739077891,49
2017-06-13 15:18:20,65,0,0,0,17875115014078703,61
2017-06-19 19:00:26,75,0,0,0,17885114311028062,72
2017-06-26 15:21:40,53,0,0,2,17884827652044380,49
2017-06-27 23:59:28,59,0,0,1,17886097168029178,56
2017-06-28 16:35:26,58,0,0,4,17887071961044655,53
2017-06-29 14:15:33,51,0,0,1,17861226088179291,48
2017-07-02 16:24:45,30,0,0,0,17864635090142754,30
2017-07-03 18:00:48,79,0,0,2,17861613727165631,71
2017-07-04 12:38:02,53,0,0,0,17875553656129569,52
2017-07-05 00:36:15,54,0,0,0,17887046782013542,52
2017-07-09 23:24:52,53,0,0,0,17873258818088038,52
2017-07-12 16:49:05,70,0,0,0,17875376404120852,69
2017-07-14 16:01:13,57,0,0,1,17888909857017728,55
2017-07-16 00:43:57,53,0,0,0,17877631384118162,49
2017-07-16 18:55:51,46,0,0,1,17877333367101068,43
2017-07-18 19:24:25,114,0,0,4,17864510164176632,105
2017-07-22 12:40:38,49,0,0,0,17867313256134017,47
2017-07-24 22:28:14,69,0,0,2,17891221750061537,65
2017-07-25 15:34:52,25,0,0,1,17890256653037965,22
2017-07-26 13:28:35,41,0,0,0,17890380409014258,40
2017-07-30 14:52:57,51,0,0,0,17868297130133084,50
2017-07-31 23:00:29,78,0,0,2,17850726478198098,75
2017-08-01 19:24:24,24,0,0,2,17890615294019910,21
2017-08-02 21:37:23,58,0,0,1,17877086635086044,54
2017-08-04 19:07:44,73,0,0,4,17892982213036446,66
2017-08-10 15:26:15,128,0,0,3,17866147702192340,117
2017-08-10 23:27:04,74,0,0,0,17878049488095503,73
2017-08-14 14:29:48,66,0,0,0,17870992315131650,65
2017-08-15 17:38:27,101,0,0,1,17894738707031272,99
2017-08-16 21:09:18,79,0,0,1,17882539948113715,76
2017-08-17 22:06:34,49,0,0,3,17901033820044077,41
2017-08-19 06:08:56,37,0,0,1,17894547103029460,36
2017-08-19 14:15:42,53,0,0,0,17882384284102282,53
2017-08-21 19:45:46,74,0,0,0,17872050658141067,70
2017-08-24 13:25:33,64,0,0,0,17881807537127714,58
2017-08-28 04:18:19,46,0,0,0,17887074658072901,44
2017-08-29 11:31:15,73,0,0,2,17882413003127222,64
2017-08-31 22:23:01,108,0,0,5,17884556239100122,99
2017-09-01 12:56:07,85,0,0,6,17887918591073093,75
2017-09-05 20:07:20,60,0,0,0,17870752588163467,58
2017-09-06 15:37:48,70,0,0,1,17872819516148202,65
2017-09-07 14:50:48,116,0,0,1,17872582786191727,109
2017-09-08 16:52:51,46,0,0,0,17870179315169461,46
2017-09-13 00:17:19,86,0,0,2,17872826122180808,79
2017-09-14 19:18:43,48,0,0,2,17883203809090763,43
2017-09-17 16:25:22,56,0,0,0,17899660273050000,54
2017-09-19 21:31:01,85,0,0,4,17883464701090676,77
2017-09-21 13:21:14,64,0,0,1,17899387762026959,61
2017-09-24 15:37:26,69,0,0,1,17892498154073445,67
2017-09-25 23:46:32,44,0,0,0,17877005215143038,43
2017-09-28 12:50:38,178,0,0,7,17892209203076926,167
2017-09-29 13:29:18,75,0,0,1,17874675514182240,71
2017-10-01 16:31:09,45,0,0,0,17885277694084592,45
2017-10-02 22:41:26,43,0,0,1,17900008747010852,42
2017-10-04 20:11:19,65,0,0,1,17886759067089599,60
2017-10-05 13:27:45,99,0,0,2,17902225687056690,95
2017-10-08 19:44:49,75,0,0,1,17843537983213759,70
2017-10-09 15:02:26,78,841,686,1,17877130189189341,74
2017-10-11 01:21:11,59,788,619,0,17889362536122883,59
2017-10-11 12:17:30,74,801,654,2,17875668997167233,70
2017-10-16 16:47:02,75,1078,900,0,17877451522165678,73
2017-10-17 21:12:16,82,843,696,1,17889133345127730,78
2017-10-19 20:14:00,89,1003,834,0,17863808782198781,83
2017-10-21 19:41:19,89,894,750,0,17906339269027662,88
2017-10-27 13:59:35,104,862,711,0,17904958603058171,101
2017-10-28 18:07:57,81,1060,890,6,17889290887095147,75
2017-10-30 21:56:20,70,884,707,3,17895208894109497,67
2017-11-01 23:49:20,118,1070,855,1,17881711834184795,113
2017-11-05 17:15:44,132,1403,1168,5,17906555242024297,122
2017-11-06 13:09:51,104,1071,870,0,17893393813112955,102
2017-11-07 00:59:10,61,929,744,0,17881779433188407,58
2017-11-09 20:14:13,78,1033,884,0,17907700705023614,77
2017-11-10 16:12:41,128,1360,1171,9,17881517104180636,115
2017-11-11 15:06:45,115,1276,1105,2,17912058847037171,109
2017-11-12 13:45:38,84,1250,1058,1,17890923496095697,79
2017-11-16 21:48:57,75,964,819,2,17895411022108873,71
2017-11-17 18:11:27,82,1002,872,1,17908840708044811,79
2017-11-19 17:26:11,67,976,819,0,17884591990140385,61
2017-11-21 16:57:55,87,1193,1031,0,17910573784003782,84
2017-11-27 14:01:20,72,1034,901,2,17897140744103459,68
2017-11-30 17:35:45,60,892,770,2,17893714783093563,56
2017-12-01 23:00:16,75,1054,903,3,17851037902223175,69
2017-12-02 20:55:00,43,729,619,0,17898213088097516,40
2017-12-04 22:48:59,129,1249,1049,6,17884617391158760,117
2017-12-08 19:28:09,63,858,730,1,17886087973144002,62
2017-12-10 23:23:25,99,1113,961,1,17882536603173154,96
2017-12-12 20:22:46,74,1118,961,6,17898130834123625,65
2017-12-15 17:21:20,56,842,719,0,17853314101221116,54
2017-12-18 17:00:11,87,1114,979,2,17900755981111544,82
2017-12-19 00:08:32,51,799,661,0,17900539432115138,50
2017-12-19 12:28:08,33,792,635,1,17886693763159345,31
2017-12-22 03:08:22,59,948,773,1,17915195620045876,56
2017-12-22 19:49:18,37,778,657,0,17855025217210772,37
2017-12-29 19:36:07,77,1143,969,3,17908250128079431,73
2018-01-01 04:43:32,41,917,728,0,17898688066095860,41
2018-01-10 01:04:56,226,2351,1872,8,17904770302107586,206
2018-01-12 01:30:59,65,1145,972,1,17844548266233656,61
2018-01-15 17:27:30,115,1571,1295,2,17893632412182959,107
2018-01-17 20:45:26,91,1157,971,0,17860405351207476,86
2018-01-18 19:54:10,63,949,788,0,17919632383003798,61
2018-01-22 21:39:49,59,978,838,1,17919975040058508,54
2018-01-23 17:06:24,93,1009,875,0,17903114569082462,87
2018-01-26 22:29:17,56,991,867,2,17908475776115512,53
2018-01-31 21:42:51,43,848,738,0,17895263551157766,43
2018-02-04 03:33:57,85,1210,977,3,17895087799177607,78
2018-02-05 13:16:27,65,1165,971,1,17863161730211062,64
2018-02-06 21:35:55,83,1184,1006,5,17910495715104696,77
2018-02-07 20:20:52,63,932,779,0,17924015272007161,61
2018-02-09 21:23:50,70,1002,841,3,17896709578153106,65
2018-02-11 00:37:02,79,1257,1054,1,17906011177090490,76
2018-02-12 22:36:13,104,1171,985,7,17899369258135026,96
2018-02-19 22:49:31,105,1295,1114,4,17884423417195032,98
2018-02-21 23:15:16,32,805,690,1,17927188792039785,30
2018-02-25 00:01:31,50,931,775,1,17866990480212590,44
2018-02-26 17:41:55,47,932,788,1,17867461030215822,42
2018-02-28 12:55:35,82,1124,963,4,17928324964036742,76
2018-03-03 00:49:27,74,1249,1063,5,17928439957044959,69
2018-03-06 22:45:40,70,1080,917,1,17904472480136293,69
2018-03-07 23:53:16,74,972,806,6,17897555782173997,64
2018-03-12 05:07:57,49,975,809,1,17889213787197761,47
2018-03-13 22:22:09,73,1135,950,1,17912036722094933,71
2018-03-14 16:44:59,51,890,789,2,17900760310165145,48
2018-03-15 18:19:04,59,1064,940,4,17858707696224418,54
2018-03-21 14:07:19,95,1405,1221,4,17942452264006013,86
2018-03-22 12:54:02,98,1305,1133,2,17854500352246856,92
2018-03-23 15:47:28,35,712,634,1,17919190210102009,33
2018-03-26 22:09:51,79,1379,1205,1,17921789962103218,76
2018-03-28 20:07:58,58,1104,884,1,17920904278099929,55
2018-03-29 16:43:33,62,966,820,1,17905780372157928,61
2018-03-30 18:55:51,52,1014,914,2,17861673604236778,50
2018-04-03 19:45:41,62,1019,879,0,17935666666060909,58
2018-04-05 17:40:09,86,1177,1019,2,17903775175168243,81
2018-04-10 11:34:23,85,1225,1010,3,17846813005254084,75
2018-04-12 12:21:18,57,1091,956,4,17923137721119325,53
2018-04-12 22:48:12,39,962,798,0,17932143895071823,39
2018-04-13 15:30:11,42,914,776,1,17932170901070512,40
2018-04-15 18:08:06,70,1158,1006,0,17867039569231070,66
2018-04-18 22:00:55,37,928,794,1,17930450815078368,34
2018-04-19 13:28:36,79,1062,921,3,17879156932209252,74
2018-04-20 14:38:37,52,799,686,1,17921331265087956,48
2018-04-21 16:31:30,62,1117,992,3,17878398454216357,56
2018-04-22 20:22:53,62,965,876,0,17848761271260302,62
2018-04-26 13:54:31,75,1026,878,3,17922149812093466,71
2018-05-02 00:13:00,45,1010,831,2,17914540594178951,43
2018-05-03 21:59:44,49,1128,912,0,17851183045262816,47
2018-05-09 20:26:08,39,712,592,3,17924442679093021,36
2018-05-15 16:28:27,24,665,573,0,17855870992248027,24
2018-05-17 19:22:30,137,1521,1318,6,17929949638120126,127
2018-05-25 12:51:47,71,1035,910,1,17942776750067204,68
2018-05-28 21:49:10,67,1111,876,1,17921181637176938,65
2018-05-31 13:48:50,79,1014,860,1,17920186042158569,75
2018-06-02 14:32:57,297,1129,945,1,17933508469121527,296
2018-06-04 22:20:13,376,1376,1114,6,17892029851201473,370
2018-06-05 16:33:27,344,663,563,0,17888654623222834,344
2018-06-12 15:29:26,402,890,719,1,17952135835060159,401
2018-06-17 15:26:47,400,916,762,2,17954576185038778,396
2018-06-17 23:59:48,398,947,733,0,17880435934237357,398
2018-06-20 15:59:13,403,891,753,1,17934210580092074,402
2018-06-22 16:28:07,448,1091,932,1,17954734960027169,445
2018-06-23 20:15:04,607,2182,1857,4,17954715586035487,598
2018-06-25 02:09:13,504,1745,1442,1,17926214440155213,499
2018-06-29 16:19:15,487,1150,953,4,17925195484160257,480
2018-07-01 18:42:31,820,1472,1214,4,17955439006046463,810
2018-07-03 19:26:07,912,2131,1746,3,17942426680118107,907
2018-07-04 21:42:46,957,2364,1917,9,17957594734060337,942
2018-07-06 15:29:37,847,1170,988,2,17868830524254789,845
2018-07-09 14:53:41,1161,1834,1518,1,17869478635250019,1158
2018-07-13 17:35:01,716,1194,979,2,17960754544019134,713
2018-07-16 00:52:09,767,1748,1450,2,17931707290146400,762
2018-07-20 11:54:17,826,1703,1408,8,17948988397098877,816
2018-07-23 13:49:59,781,1456,1218,1,17943133012086545,774
2018-07-25 11:05:57,851,1819,1556,6,17890259056238185,841
2018-07-26 21:09:50,694,800,669,0,17890999255232667,694
2018-07-29 16:18:18,809,1498,1256,1,17964894175007493,807
2018-08-05 21:17:09,919,2459,1990,19,17965517374011531,895
2018-08-09 17:54:32,831,1846,1472,3,17938733419183427,818
2018-08-12 17:38:38,775,1367,1184,2,17955155464098197,770
2018-08-21 20:14:42,751,1345,1100,0,17882293792255010,750
2018-08-22 23:03:26,855,1964,1562,8,17937438859172791,843
2018-08-25 03:29:01,801,1761,1408,1,17952170707089062,791
2018-08-30 12:37:39,543,1733,1487,3,17945089492177334,532
2018-08-31 15:17:42,483,1571,1362,2,17877006892269455,478
2018-09-01 19:19:43,456,1309,1063,1,17975370001044732,453
2018-09-02 17:47:24,391,995,817,0,17845710130290493,391
2018-09-04 11:57:40,523,1786,1470,8,17975899930040161,510
2018-09-06 12:56:39,471,1232,1051,1,17972739427069618,468
2018-09-11 18:56:47,429,1126,920,0,17971315696074266,429
2018-09-15 02:40:55,513,2057,1582,3,17979616036022005,505
2018-09-16 21:57:19,780,4688,2984,12,17952989158184911,745
2018-09-23 19:49:46,450,1791,1485,5,17968915147104580,441
2018-09-24 12:54:12,516,2756,2219,11,17908794481233243,500
2018-09-27 19:01:30,464,1486,1271,2,17962316425083261,456
2018-09-28 13:01:20,428,1979,1744,0,17982585367047527,421
2018-10-02 00:03:43,436,1366,1134,1,17911000810235517,431
2018-10-02 23:19:53,404,1176,929,0,17985254509044584,404
2018-10-03 23:29:21,424,1436,1178,3,17956614037182907,418
2018-10-05 16:41:08,361,1262,1061,3,17952954994160896,356
2018-10-09 17:41:43,417,1765,1512,6,17982085822068718,410
2018-10-12 22:24:40,414,1420,1180,3,17973975697115975,410
2018-10-13 23:31:54,465,1822,1466,5,17973705670105771,458
2018-10-18 12:59:16,360,899,763,0,17990302630055444,360
2018-10-20 16:53:00,362,1185,1079,4,17960539591146494,358
2018-10-21 16:43:31,419,1330,1152,3,17961193180158484,412
2018-10-29 00:32:46,408,1664,1418,2,17919389515237406,406
2018-10-30 22:47:54,448,1822,1501,0,17967025666134849,437
2018-11-03 20:29:23,414,1112,923,0,17968224526180611,413
2018-11-04 17:50:08,440,1336,1119,3,17921968168231654,435
2018-11-07 12:35:50,557,1434,1200,6,17923422916239521,551
2018-11-11 01:40:33,623,1118,979,0,18000780502024720,623
2018-11-14 12:24:16,609,1283,1053,3,17899828477263722,606
2018-11-15 19:32:05,583,939,783,2,17869537606289752,581
2018-11-16 23:10:46,519,1052,906,1,17967389164167162,518
2018-11-20 17:36:24,662,1965,1737,41,18002501560036121,619
2018-11-21 16:11:53,563,1106,974,3,17965702330173648,557
2018-11-23 01:01:16,579,1263,1126,1,18003621985018161,576
2018-11-24 14:34:47,485,904,775,0,18003723127050131,484
2018-11-26 01:11:09,508,1271,1051,0,17913797692250843,507
2018-12-01 20:58:13,613,2302,2079,22,17975073241155132,582
2018-12-02 23:15:54,607,2307,1974,25,17914134043260439,571
2018-12-05 14:16:54,663,2036,1772,16,18007928557040365,641
2018-12-06 20:42:36,585,2283,1980,14,17984944495089050,568
2018-12-09 03:23:12,779,3669,2929,23,17965276639199748,751
2018-12-10 12:00:46,612,1809,1621,4,18001895365079833,608
2018-12-11 12:20:16,559,1028,838,3,17978820838179211,555
2018-12-12 12:16:36,626,2033,1626,1,17902616026274679,622
2018-12-15 02:20:20,602,1622,1218,1,17994186064117855,599
2018-12-17 00:30:13,570,1563,1305,10,17847769909315377,560
2018-12-18 18:17:49,774,3451,2976,150,17913083419265399,606
2018-12-19 15:12:44,503,1106,982,13,17988793531093331,490
2018-12-20 13:10:36,600,2160,1910,5,17984477278133034,595
2018-12-21 20:19:01,604,1794,1474,3,17990832526089272,595
2018-12-23 14:37:03,734,2491,1998,3,17847924490319810,723
2018-12-26 14:36:10,657,2132,1815,4,17936382289246730,645
2018-12-28 15:06:24,581,1620,1372,5,17842413697335617,573
2018-12-31 17:09:34,627,1435,1229,10,17952607423220008,612
2019-01-04 22:40:10,599,1394,1136,0,17927258683251342,598
2019-01-06 17:09:23,603,1372,1119,5,18005850484098823,596
2019-01-09 22:41:09,720,2765,2316,14,17945192905240416,698
2019-01-15 03:02:30,622,1459,1205,3,17904989902284036,612
2019-01-17 01:03:06,599,1919,1606,28,18008322151111998,570
2019-01-20 16:27:54,621,2139,1779,6,18017366311078596,612
2019-01-24 22:43:14,582,1553,1339,32,17951558218226422,549
2019-01-28 16:55:45,725,2923,2491,8,17849710606343945,710
2019-01-29 21:03:00,574,1832,1554,4,18027684907020485,563
2019-01-31 17:21:40,632,1754,1507,1,17928431194270025,624
2019-02-02 19:12:36,528,1118,939,2,17911162750303391,522
2019-02-03 19:38:06,562,1538,1269,0,18029488876002601,553
2019-02-06 18:29:00,566,1667,1428,2,17898845350289232,557
2019-02-07 23:48:44,890,3913,3334,191,18031460827025740,667
2019-02-09 16:34:48,582,1516,1264,4,18024179272074367,576
2019-02-10 22:28:20,579,2627,2138,1,17914013773304963,571
2019-02-11 23:17:14,594,2183,1537,14,18026407072075553,579
2019-02-14 20:09:46,618,3032,2395,5,18018173692109067,605
2019-02-16 16:10:35,753,4050,3140,6,18033261463015546,743
2019-02-17 18:38:22,617,2907,2246,1,18035156197038614,603
2019-02-18 18:38:03,707,5772,4082,24,17850003703360291,662
2019-02-22 14:16:47,573,1773,1412,0,18037796533028002,573
2019-02-23 15:02:55,624,2397,1998,4,17963305261230387,618
2019-02-24 18:35:26,566,1797,1360,1,17919006337303408,563
2019-02-25 21:55:37,586,2251,1803,1,17869672219321503,572
2019-02-27 03:02:59,589,2153,1612,2,18038242012012240,585
2019-03-01 18:26:42,676,3473,2707,13,18023814484113702,647
2019-03-03 18:34:35,582,2501,2025,0,17961146737246435,575
2019-03-05 14:12:30,580,1559,1242,0,17857096564355086,580
2019-03-06 18:44:16,514,1230,945,1,17976186346211957,513
2019-03-08 21:26:14,537,1799,1474,1,17909872018288314,534
2019-03-10 19:54:56,1023,1814,1512,3,18024095728125840,1020
2019-03-11 23:23:48,716,3984,2917,15,17864249170343758,693
2019-03-12 18:47:40,524,1415,1044,0,17949194452257009,523
2019-03-14 20:01:18,1004,1144,844,0,18005478364173290,1004
2019-03-16 13:05:11,518,1625,1242,4,17860685647354636,513
2019-03-18 21:56:04,595,3331,2641,4,17846069896391152,583
2019-03-20 18:39:01,1007,1415,1194,0,17927312491303286,1006
2019-03-29 19:21:02,517,1331,1103,1,17948520835271873,513
2019-03-31 21:10:55,574,1929,1655,6,17987714923204705,566
2019-04-02 21:10:50,582,1600,1337,2,17872799050339073,578
2019-04-04 21:18:54,529,990,794,1,18051997099014456,528
2019-04-09 19:28:50,607,1965,1414,0,18023633479185609,604
2019-04-12 00:39:45,723,4701,3192,8,18009134089195078,705
2019-04-15 15:38:40,605,3571,2971,2,18028053841186445,602
2019-04-17 20:23:24,643,2663,2202,2,17898831787306885,639
2019-04-18 22:58:18,609,1517,1112,3,17876228569342822,605
2019-04-20 16:50:55,594,1769,1518,0,17845141420424174,592
2019-04-23 00:59:44,577,1680,1314,1,17842509775431128,576
2019-04-23 20:28:44,610,1060,855,1,18034183222085009,607
2019-04-25 00:01:08,1085,2748,2591,0,18060301084054794,1076
2019-04-30 00:55:11,640,1979,1558,8,17894758315314885,625
2019-04-30 20:18:06,589,1298,1026,0,18060006793010107,588
2019-05-02 15:47:12,585,1531,1312,0,17885288941331023,581
2019-05-06 01:54:10,607,1916,1580,1,17880695161346502,598
2019-05-12 20:09:48,544,1411,1243,1,18032738386147029,539
2019-05-14 00:55:17,554,1574,1277,3,17907642118306044,547
2019-05-16 17:10:54,65,799,646,0,18034889023181382,64
2019-05-20 13:58:33,102,1740,1436,3,18059736238079915,94
2019-05-26 00:07:06,71,1241,993,0,18047265880121665,69
2019-05-27 22:29:29,83,1666,1282,2,17868227536381916,80
2019-05-28 20:02:06,54,1138,956,2,17959902703274146,50
2019-06-03 19:59:24,79,990,800,0,17887599064354291,72
2019-06-04 19:28:13,83,1225,1001,2,17970375070265037,77
2019-06-05 17:39:29,85,1772,1501,1,17850814564453189,79
2019-06-11 00:55:11,74,1478,1182,0,17884485736363768,70
2019-06-11 20:18:23,95,1752,1456,1,17996824708236156,91
2019-06-12 23:58:18,93,1303,974,3,18007849039208435,84
2019-06-13 22:43:31,50,1401,1122,2,18046392154187434,46
2019-06-15 01:32:12,71,1202,934,1,18076350367006058,66
2019-06-16 00:07:05,80,2210,1860,1,17898189262330327,78
2019-06-17 01:54:07,127,2950,2369,2,18046800157138574,118
2019-06-18 00:55:06,42,1073,826,4,17862804517421329,37
2019-06-18 20:18:09,99,1693,1382,0,17980375531257460,96
2019-06-19 23:58:05,72,1603,1320,2,18007324834216989,68
2019-06-20 22:43:06,140,2193,1779,1,18047430979191743,130
2019-06-22 01:33:22,97,1537,1138,3,18060058147119914,92
2019-06-23 00:07:05,71,1810,1456,1,17918877487305543,69
2019-06-25 00:55:04,132,2147,1758,2,17907789118316003,126
2019-06-25 20:18:04,64,1254,979,2,18045722749178786,57
2019-06-26 23:58:06,47,1211,1029,1,18036395314168027,44
2019-06-27 22:43:07,49,1261,1003,1,18061397518105095,46
2019-06-29 01:32:07,114,2601,2093,2,18002394106238266,101
2019-06-30 00:07:06,62,1736,1460,4,18050109850189170,55
2019-07-01 01:54:14,50,1477,1166,0,17868438676411705,50
2019-07-02 00:55:03,85,1964,1597,0,18046229572157061,82
2019-07-02 20:18:10,128,2563,2118,6,17878173271386217,119
2019-07-03 23:58:28,95,1819,1487,5,17847045649492118,84
2019-07-04 22:43:14,38,956,746,1,18080380831027996,35
2019-07-06 01:32:06,99,1947,1597,4,18058397566127533,90
2019-07-07 00:07:03,40,1830,1430,3,18048198565147001,37
2019-07-08 01:54:07,62,1497,1203,1,18082272361012930,60
2019-07-09 00:55:16,32,856,643,0,17867081338427271,27
2019-07-09 20:18:06,69,1591,1314,1,17898606160347581,64
2019-07-10 23:58:32,42,1137,914,1,17900139634344041,40
2019-07-11 16:52:45,114,3951,3045,6,18054305458092202,106
2019-07-11 22:43:05,85,1589,1324,4,17848929751498146,79
2019-07-13 01:32:10,39,1077,895,0,17890735750366015,35
2019-07-15 01:54:07,76,2030,1623,8,17865075715436285,62
2019-07-16 00:55:11,66,1232,998,3,18065120578115038,60
2019-07-16 20:18:07,54,1297,1048,1,17854091656474243,51
2019-07-18 00:38:07,74,1370,1024,0,18085077385024087,71
2019-07-18 19:23:03,45,1226,979,1,17888091337375150,41
2019-07-20 01:04:07,64,1497,1258,2,17895500563361701,55
2019-07-20 20:31:10,55,1536,1234,1,17892297463367589,51
2019-07-21 22:52:10,88,2313,1880,1,18069318823128424,83
2019-07-22 15:45:04,66,1277,1014,1,18007292020233151,64
2019-07-23 17:04:06,252,3556,2967,17,17990400052250022,227
2019-07-25 00:38:08,64,1191,961,1,18050541199157124,58
2019-07-25 20:23:05,54,1095,881,0,17852266447495799,51
2019-07-27 01:04:06,92,1636,1301,1,18007198813243392,83
2019-07-27 20:31:16,133,2696,2193,8,17853791638495564,118
2019-07-28 22:52:08,43,1578,1277,0,18059335921081079,41
2019-07-29 15:45:22,74,1678,1398,3,17890406425375408,69
2019-07-30 17:04:06,75,1352,1083,1,18088270582047522,71
2019-08-01 00:38:06,132,2281,1855,6,17919983545310407,123
2019-08-02 00:57:03,229,2905,2332,11,18089103715045023,209
2019-08-03 01:04:08,154,2728,2161,4,17851236655507383,147
2019-08-03 20:31:08,95,1795,1434,0,18059929819095346,90
2019-08-03 20:38:36,67,1630,1309,1,18010553989234201,63
2019-08-04 22:54:05,286,5134,3948,30,18087865330021655,238
2019-08-05 15:45:04,64,1077,816,1,18025160149203027,59
2019-08-06 17:04:07,72,1383,1107,0,17873939449426234,69
2019-08-08 00:38:06,63,1315,1048,0,17855274421499409,61
2019-08-09 00:57:05,197,2886,2344,8,17986181560271477,181
2019-08-10 01:06:09,101,1780,1398,3,17847669589545555,97
2019-08-10 20:31:06,46,1399,1098,2,18071849476103410,43
2019-08-11 22:52:06,454,6995,5792,49,17859926788472495,392
2019-08-12 15:45:06,33,909,738,0,17852808178510180,33
2019-08-13 17:04:07,45,1206,975,0,18092910868027076,42
2019-08-15 00:38:08,46,1165,872,1,17874813736422292,42
2019-08-16 00:57:20,86,1610,1295,1,18091780927055565,83
2019-08-17 01:04:07,272,4004,3081,12,17859156634486743,237
2019-08-17 20:31:06,82,1673,1314,1,18083990296075953,80
2019-08-18 22:52:06,114,1858,1446,8,17881600165408838,104
2019-08-19 15:45:19,76,1937,1586,3,17871974452441399,71
2019-08-20 17:04:13,72,1094,810,4,17865283351461663,65
2019-08-22 00:38:08,38,1207,966,0,18013569334240319,37
2019-08-23 00:57:18,110,1877,1503,8,17972448784302952,101
2019-08-24 01:04:19,82,1597,1254,5,18049681885170716,72
2019-08-24 20:31:04,112,2362,1887,10,17995905466261367,97
2019-08-25 22:52:06,265,4244,3499,23,17867960542457605,234
2019-08-26 15:45:03,119,1931,1599,6,18090885907064436,105
2019-08-27 17:04:07,45,1139,920,0,17925904459313089,44
2019-08-29 00:38:08,72,1546,1258,4,17874237724441001,67
2019-08-30 00:57:38,70,1812,1462,0,18066123175093686,66
2019-08-30 20:16:13,56,858,660,4,18065105545133049,51
2019-08-31 20:31:05,62,1560,1251,2,17856813967509787,59
2019-09-01 22:52:09,133,2099,1753,10,17843951098618605,123
2019-09-03 17:04:08,95,1727,1404,9,17857123045520108,83
2019-09-06 00:57:04,46,1294,996,5,17850886990560569,37
2019-09-07 01:04:06,155,2527,1967,1,17905361440363299,138
2019-09-07 20:31:04,107,2019,1648,3,18099292390038132,102
2019-09-08 22:52:09,171,2429,1951,12,17851237576576631,155
2019-09-09 15:45:20,219,4002,3418,12,17915096749341443,203
2019-09-10 17:04:15,61,1095,864,1,17871956902453602,59
2019-09-12 00:38:15,50,1288,1046,1,17843855956630994,48
2019-09-13 00:57:20,57,1834,1497,1,18069181486091596,55
2019-09-14 01:04:57,87,1804,1424,5,17894275921384147,78
2019-09-14 20:31:13,47,1384,1134,0,18099331384058999,46
2019-09-15 22:52:09,202,3176,2454,11,18075810949122427,187
2019-09-16 15:45:42,71,1530,1260,4,17865395935482791,63
2019-09-17 17:04:06,44,900,726,2,18100520470038394,41
2019-09-18 19:23:37,44,1041,844,0,18055362448173931,42
2019-09-20 00:57:07,103,2490,2124,5,18021463672227534,96
2019-09-21 01:04:16,47,1094,810,3,18081650977103857,42
2019-09-21 20:31:23,58,1896,1505,5,17925461323325721,52
2019-09-22 22:52:07,147,2608,2141,11,18102793507050522,134
2019-09-23 15:45:19,36,832,656,0,17891953969400236,35
2019-09-24 17:04:27,98,2531,2046,2,18071445424082465,90
2019-09-25 18:44:06,53,1454,1194,5,18020234569240353,46
2019-09-26 17:41:57,121,2392,1941,3,17858060266550471,112
2019-09-30 18:21:39,78,1681,1368,5,17859003490547765,68
2019-10-02 17:44:23,138,1612,1318,0,17964564394293625,116
2019-10-08 20:09:25,56,867,693,0,18032803363216401,37
