id,type
'17843537983213759',IMAGE
'17877130189189341',IMAGE
'17889362536122883',IMAGE
'17875668997167233',IMAGE
'17890145140099879',VIDEO
'17877451522165678',IMAGE
'17889133345127730',IMAGE
'17863808782198781',IMAGE
'17906339269027662',IMAGE
'17904262105010670',CAROUSEL_ALBUM
'17904958603058171',IMAGE
'17889290887095147',IMAGE
'17895208894109497',IMAGE
'17881711834184795',IMAGE
'17893662331106996',VIDEO
'17906343697061988',VIDEO
'17846878540219939',VIDEO
'17906555242024297',IMAGE
'17893393813112955',IMAGE
'17881779433188407',IMAGE
'17880283744153920',VIDEO
'17906798479014703',VIDEO
'17907700705023614',IMAGE
'17881517104180636',IMAGE
'17912058847037171',IMAGE
'17890923496095697',IMAGE
'17906917252021044',VIDEO
'17895411022108873',IMAGE
'17908840708044811',IMAGE
'17884591990140385',IMAGE
'17910573784003782',IMAGE
'17868076603196484',VIDEO
'17851027876204570',CAROUSEL_ALBUM
'17896354963117685',CAROUSEL_ALBUM
'17897140744103459',IMAGE
'17885896129132727',CAROUSEL_ALBUM
'17893714783093563',IMAGE
'17851037902223175',IMAGE
'17898213088097516',IMAGE
'17884617391158760',IMAGE
'17885686078145035',CAROUSEL_ALBUM
'17886087973144002',IMAGE
'17882536603173154',IMAGE
'17898130834123625',IMAGE
'17898066223124826',CAROUSEL_ALBUM
'17888844568141796',VIDEO
'17853314101221116',IMAGE
'17900755981111544',IMAGE
'17900539432115138',IMAGE
'17886693763159345',IMAGE
'17915195620045876',IMAGE
'17855025217210772',IMAGE
'17908250128079431',IMAGE
'17898688066095860',IMAGE
'17900322211086050',CAROUSEL_ALBUM
'17904770302107586',IMAGE
'17844548266233656',IMAGE
'17893632412182959',IMAGE
'17860405351207476',IMAGE
'17919632383003798',IMAGE
'17859667102220751',CAROUSEL_ALBUM
'17919975040058508',IMAGE
'17903114569082462',IMAGE
'17908475776115512',IMAGE
'17923002964017061',VIDEO
'17895263551157766',IMAGE
'17928222571043264',CAROUSEL_ALBUM
'17895087799177607',IMAGE
'17863161730211062',IMAGE
'17910495715104696',IMAGE
'17924015272007161',IMAGE
'17896709578153106',IMAGE
'17906011177090490',IMAGE
'17899369258135026',IMAGE
'17885094880194984',CAROUSEL_ALBUM
'17884423417195032',IMAGE
'17927188792039785',IMAGE
'17866990480212590',IMAGE
'17867461030215822',IMAGE
'17928324964036742',IMAGE
'17928439957044959',IMAGE
'17904472480136293',IMAGE
'17897555782173997',IMAGE
'17913691558120631',CAROUSEL_ALBUM
'17889213787197761',IMAGE
'17912036722094933',IMAGE
'17900760310165145',IMAGE
'17858707696224418',IMAGE
'17942452264006013',IMAGE
'17854500352246856',IMAGE
'17919190210102009',IMAGE
'17921789962103218',IMAGE
'17920904278099929',IMAGE
'17905780372157928',IMAGE
'17861673604236778',IMAGE
'17907883747183889',CAROUSEL_ALBUM
'17875469593213392',VIDEO
'17935666666060909',IMAGE
'17903775175168243',IMAGE
'17907874456177064',VIDEO
'17846813005254084',IMAGE
'17923137721119325',IMAGE
'17932143895071823',IMAGE
'17932170901070512',IMAGE
'17867039569231070',IMAGE
'17938990648031644',CAROUSEL_ALBUM
'17930450815078368',IMAGE
'17879156932209252',IMAGE
'17921331265087956',IMAGE
'17878398454216357',IMAGE
'17848761271260302',IMAGE
'17922149812093466',IMAGE
'17914540594178951',IMAGE
'17851183045262816',IMAGE
'17924442679093021',IMAGE
'17855870992248027',IMAGE
'17929949638120126',IMAGE
'17848205617262840',VIDEO
'17942776750067204',IMAGE
'17921181637176938',IMAGE
'17920186042158569',IMAGE
'17933508469121527',IMAGE
'17892029851201473',IMAGE
'17888654623222834',IMAGE
'17949793012044564',VIDEO
'17923720354176201',VIDEO
'17952135835060159',IMAGE
'17954576185038778',IMAGE
'17880435934237357',IMAGE
'17934210580092074',IMAGE
'17930138893137985',VIDEO
'17954734960027169',IMAGE
'17954715586035487',IMAGE
'17926214440155213',IMAGE
'17927692195144963',VIDEO
'17867278501248307',VIDEO
'17925195484160257',IMAGE
'17955439006046463',IMAGE
'17942426680118107',IMAGE
'17957594734060337',IMAGE
'17868830524254789',IMAGE
'17869478635250019',IMAGE
'17960236417010147',CAROUSEL_ALBUM
'17960754544019134',IMAGE
'1.79317E+16',IMAGE
'17948988397098877',IMAGE
'17943133012086545',IMAGE
'17890259056238185',IMAGE
'17890999255232667',IMAGE
'17964894175007493',IMAGE
'17902580929217444',VIDEO
'17939630122184991',VIDEO
'17965517374011531',IMAGE
'17938733419183427',IMAGE
'17955155464098197',IMAGE
'17953145245120433',CAROUSEL_ALBUM
'17882293792255010',IMAGE
'17937438859172791',IMAGE
'17952170707089062',IMAGE
'17974500172032951',CAROUSEL_ALBUM
'17945089492177334',IMAGE
'17877006892269455',IMAGE
'17975370001044732',IMAGE
'17845710130290493',IMAGE
'17975899930040161',IMAGE
'17972739427069618',IMAGE
'17971315696074266',IMAGE
'17889018676252891',CAROUSEL_ALBUM
'17979616036022005',IMAGE
'17952989158184911',IMAGE
'17968915147104580',IMAGE
'17908794481233243',IMAGE
'17962316425083261',IMAGE
'17982585367047527',IMAGE
'17911000810235517',IMAGE
'17985254509044584',IMAGE
'17956614037182907',IMAGE
'17952954994160896',IMAGE
'17987256832020333',CAROUSEL_ALBUM
'17982085822068718',IMAGE
'17869795027281396',VIDEO
'17973975697115975',IMAGE
'17973705670105771',IMAGE
'17990302630055444',IMAGE
'17960539591146494',IMAGE
'17961193180158484',IMAGE
'17966005000143567',CAROUSEL_ALBUM
'17919389515237406',IMAGE
'17967025666134849',IMAGE
'17980422931102215',CAROUSEL_ALBUM
'17968224526180611',IMAGE
'17921968168231654',IMAGE
'17923422916239521',IMAGE
'17975302207094114',CAROUSEL_ALBUM
'17934301372223760',CAROUSEL_ALBUM
'18000780502024720',IMAGE
'17868374323290541',CAROUSEL_ALBUM
'18000205252031458',CAROUSEL_ALBUM
'17999206954051140',VIDEO
'17899828477263722',IMAGE
'17869537606289752',IMAGE
'17967389164167162',IMAGE
'17985510739117955',CAROUSEL_ALBUM
'18002501560036121',IMAGE
'17965702330173648',IMAGE
'18003621985018161',IMAGE
'18003723127050131',IMAGE
'17913797692250843',IMAGE
'17874202042290723',CAROUSEL_ALBUM
'17975073241155132',IMAGE
'17914134043260439',IMAGE
'18008120209040892',CAROUSEL_ALBUM
'18007928557040365',IMAGE
'17984944495089050',IMAGE
'17965276639199748',IMAGE
'18001895365079833',IMAGE
'17978820838179211',IMAGE
'17902616026274679',IMAGE
'17994186064117855',IMAGE
'17847769909315377',IMAGE
'17913083419265399',IMAGE
'17988793531093331',IMAGE
'17984477278133034',IMAGE
'17990832526089272',IMAGE
'17847924490319810',IMAGE
'17936382289246730',IMAGE
'17842413697335617',IMAGE
'17982562705166950',CAROUSEL_ALBUM
'17952607423220008',IMAGE
'17927258683251342',IMAGE
'18005850484098823',IMAGE
'17945192905240416',IMAGE
'17904989902284036',IMAGE
'18008322151111998',IMAGE
'18017366311078596',IMAGE
'17993449360146413',VIDEO
'17951558218226422',IMAGE
'17849710606343945',IMAGE
'18027684907020485',IMAGE
'17928431194270025',IMAGE
'17967858838203455',CAROUSEL_ALBUM
'17911162750303391',IMAGE
'18029488876002601',IMAGE
'17898845350289232',IMAGE
'18031460827025740',IMAGE
'18024179272074367',IMAGE
'17914013773304963',IMAGE
'18026407072075553',IMAGE
'18018173692109067',IMAGE
'18033261463015546',IMAGE
'18035156197038614',IMAGE
'17850003703360291',IMAGE
'18008667694186878',CAROUSEL_ALBUM
'18037796533028002',IMAGE
'17963305261230387',IMAGE
'17919006337303408',IMAGE
'17869672219321503',IMAGE
'18038242012012240',IMAGE
'18023814484113702',IMAGE
'17961146737246435',IMAGE
'17857096564355086',IMAGE
'17976186346211957',IMAGE
'17909872018288314',IMAGE
'18024095728125840',IMAGE
'17864249170343758',IMAGE
'17949194452257009',IMAGE
'18005478364173290',IMAGE
'17860685647354636',IMAGE
'17846069896391152',IMAGE
'17927312491303286',IMAGE
'17914373056289969',VIDEO
'17844375745395829',CAROUSEL_ALBUM
'17859722842366593',VIDEO
'17948520835271873',IMAGE
'17987714923204705',IMAGE
'17872799050339073',IMAGE
'18051997099014456',IMAGE
'18023633479185609',IMAGE
'18009134089195078',IMAGE
'17878867792326433',VIDEO
'18028053841186445',IMAGE
'17898831787306885',IMAGE
'17876228569342822',IMAGE
'17845141420424174',IMAGE
'17842509775431128',IMAGE
'18034183222085009',IMAGE
'18060301084054794',IMAGE
'18042565822128386',CAROUSEL_ALBUM
'17894758315314885',IMAGE
'18060006793010107',IMAGE
'17885288941331023',IMAGE
'18046233160109655',CAROUSEL_ALBUM
'17880695161346502',IMAGE
'18043062028120372',CAROUSEL_ALBUM
'17970397546249648',VIDEO
'18032738386147029',IMAGE
'17907642118306044',IMAGE
'18034889023181382',IMAGE
'18032530219157693',VIDEO
'18059736238079915',IMAGE
'18064037908067622',CAROUSEL_ALBUM
'18047265880121665',IMAGE
'17868227536381916',IMAGE
'17959902703274146',IMAGE
'18070464040054740',VIDEO
'17887599064354291',IMAGE
'17970375070265037',IMAGE
'17850814564453189',IMAGE
'17884485736363768',IMAGE
'17996824708236156',IMAGE
'18007849039208435',IMAGE
'18046392154187434',IMAGE
'18076350367006058',IMAGE
'17898189262330327',IMAGE
'18046800157138574',IMAGE
'17862804517421329',IMAGE
'17980375531257460',IMAGE
'18007324834216989',IMAGE
'18047430979191743',IMAGE
'18060058147119914',IMAGE
'17918877487305543',IMAGE
'18009986479217587',VIDEO
'17907789118316003',IMAGE
'18045722749178786',IMAGE
'18036395314168027',IMAGE
'18061397518105095',IMAGE
'18002394106238266',IMAGE
'18050109850189170',IMAGE
'17868438676411705',IMAGE
'18046229572157061',IMAGE
'17878173271386217',IMAGE
'17847045649492118',IMAGE
'18053397130082952',VIDEO
'18080380831027996',IMAGE
'18058397566127533',IMAGE
'18048198565147001',IMAGE
'18082272361012930',IMAGE
'17867081338427271',IMAGE
'17898606160347581',IMAGE
'17900139634344041',IMAGE
'18054305458092202',IMAGE
'17848929751498146',IMAGE
'17890735750366015',IMAGE
'17847548149503339',VIDEO
'17865075715436285',IMAGE
'18065120578115038',IMAGE
'17854091656474243',IMAGE
'18085077385024087',IMAGE
'17888091337375150',IMAGE
'17895500563361701',IMAGE
'17892297463367589',IMAGE
'18069318823128424',IMAGE
'18007292020233151',IMAGE
'17990400052250022',IMAGE
'18050541199157124',IMAGE
'17852266447495799',IMAGE
'18007198813243392',IMAGE
'17853791638495564',IMAGE
'18059335921081079',IMAGE
'17890406425375408',IMAGE
'18088270582047522',IMAGE
'17919983545310407',IMAGE
'18089103715045023',IMAGE
'17851236655507383',IMAGE
'18059929819095346',IMAGE
'18010553989234201',IMAGE
'18087865330021655',IMAGE
'18025160149203027',IMAGE
'17873939449426234',IMAGE
'17855274421499409',IMAGE
'17986181560271477',IMAGE
'17847669589545555',IMAGE
'18071849476103410',IMAGE
'17859926788472495',IMAGE
'17852808178510180',IMAGE
'18092910868027076',IMAGE
'17874813736422292',IMAGE
'18091780927055565',IMAGE
'17859156634486743',IMAGE
'18083990296075953',IMAGE
'17881600165408838',IMAGE
'17871974452441399',IMAGE
'17865283351461663',IMAGE
'18022578862221852',CAROUSEL_ALBUM
'18013569334240319',IMAGE
'17972448784302952',IMAGE
'18049681885170716',IMAGE
'17995905466261367',IMAGE
'17867960542457605',IMAGE
'18090885907064436',IMAGE
'17925904459313089',IMAGE
'17874237724441001',IMAGE
'18066123175093686',IMAGE
'18065105545133049',IMAGE
'17856813967509787',IMAGE
'17843951098618605',IMAGE
'17991729379271209',VIDEO
'17857123045520108',IMAGE
'17892568366386894',VIDEO
'17850886990560569',IMAGE
'17905361440363299',IMAGE
'18099292390038132',IMAGE
'17851237576576631',IMAGE
'17915096749341443',IMAGE
'17871956902453602',IMAGE
'17843855956630994',IMAGE
'18069181486091596',IMAGE
'17894275921384147',IMAGE
'18099331384058999',IMAGE
'18075810949122427',IMAGE
'17865395935482791',IMAGE
'18070954975136875',VIDEO
'18100520470038394',IMAGE
'18055362448173931',IMAGE
'18021463672227534',IMAGE
'18081650977103857',IMAGE
'17925461323325721',IMAGE
'18102793507050522',IMAGE
'17891953969400236',IMAGE
'18071445424082465',IMAGE
'18020234569240353',IMAGE
'17858060266550471',IMAGE
'17926363090316727',CAROUSEL_ALBUM
'17859003490547765',IMAGE
'18072965824089304',VIDEO
'17964564394293625',IMAGE
'18093778192075666',CAROUSEL_ALBUM
'18084417472117793',VIDEO
'18032803363216401',IMAGE
'18034086037223399',CAROUSEL_ALBUM
'17845391998697773',CAROUSEL_ALBUM
'18059383516197394',IMAGE
'17886173089428401',CAROUSEL_ALBUM
'18111897763016276',CAROUSEL_ALBUM
'17878846258446504',VIDEO
'17851175503653148',IMAGE
'17847627493700225',IMAGE
'17923940302338156',IMAGE
'17887647805425413',CAROUSEL_ALBUM
'17913761125362647',IMAGE