,0,1,2
0,17843537983213759,IMAGE,"[75, 0, 0, 1]"
1,17877130189189341,IMAGE,"[77, 0, 0, 1]"
2,17889362536122883,IMAGE,"[59, 0, 0, 0]"
3,17875668997167233,IMAGE,"[74, 0, 0, 2]"
4,17890145140099879,VIDEO,"[87, 0, 0, 3, 424]"
5,17877451522165678,IMAGE,"[75, 0, 0, 0]"
6,17889133345127730,IMAGE,"[82, 0, 0, 1]"
7,17863808782198781,IMAGE,"[89, 0, 0, 0]"
8,17906339269027662,IMAGE,"[89, 0, 0, 0]"
9,17904262105010670,CAROUSEL_ALBUM,"[67, 0, 0, 0, 0]"
10,17904958603058171,IMAGE,"[104, 0, 0, 0]"
11,17889290887095147,IMAGE,"[81, 0, 0, 6]"
12,17895208894109497,IMAGE,"[70, 0, 0, 3]"
13,17881711834184795,IMAGE,"[118, 0, 0, 1]"
14,17893662331106996,VIDEO,"[60, 0, 0, 1, 209]"
15,17906343697061988,VIDEO,"[81, 0, 0, 1, 285]"
16,17846878540219939,VIDEO,"[98, 0, 0, 9, 503]"
17,17906555242024297,IMAGE,"[132, 0, 0, 5]"
18,17893393813112955,IMAGE,"[104, 0, 0, 0]"
19,17881779433188407,IMAGE,"[61, 0, 0, 0]"
20,17880283744153920,VIDEO,"[49, 0, 0, 0, 285]"
21,17906798479014703,VIDEO,"[132, 0, 0, 16, 641]"
22,17907700705023614,IMAGE,"[78, 0, 0, 0]"
23,17881517104180636,IMAGE,"[128, 0, 0, 9]"
24,17912058847037171,IMAGE,"[115, 0, 0, 2]"
25,17890923496095697,IMAGE,"[84, 0, 0, 1]"
26,17906917252021044,VIDEO,"[92, 0, 0, 18, 519]"
27,17895411022108873,IMAGE,"[75, 965, 819, 2]"
28,17908840708044811,IMAGE,"[82, 1002, 872, 1]"
29,17884591990140385,IMAGE,"[67, 976, 819, 0]"
30,17910573784003782,IMAGE,"[87, 1194, 1033, 0]"
31,17868076603196484,VIDEO,"[66, 1093, 937, 3, 512]"
32,17851027876204570,CAROUSEL_ALBUM,"[104, 1462, 1223, 8, 0]"
33,17896354963117685,CAROUSEL_ALBUM,"[46, 1005, 844, 1, 0]"
34,17897140744103459,IMAGE,"[72, 1034, 901, 2]"
35,17885896129132727,CAROUSEL_ALBUM,"[85, 872, 730, 0, 0]"
36,17893714783093563,IMAGE,"[60, 892, 770, 2]"
37,17851037902223175,IMAGE,"[75, 1055, 903, 3]"
38,17898213088097516,IMAGE,"[43, 729, 619, 0]"
39,17884617391158760,IMAGE,"[129, 1249, 1049, 6]"
40,17885686078145035,CAROUSEL_ALBUM,"[72, 1178, 967, 1, 0]"
41,17886087973144002,IMAGE,"[63, 858, 730, 1]"
42,17882536603173154,IMAGE,"[99, 1113, 961, 1]"
43,17898130834123625,IMAGE,"[74, 1118, 961, 6]"
44,17898066223124826,CAROUSEL_ALBUM,"[17, 697, 585, 1, 0]"
45,17888844568141796,VIDEO,"[37, 706, 595, 1, 201]"
46,17853314101221116,IMAGE,"[56, 842, 719, 0]"
47,17900755981111544,IMAGE,"[87, 1114, 979, 2]"
48,17900539432115138,IMAGE,"[51, 799, 661, 0]"
49,17886693763159345,IMAGE,"[33, 792, 635, 1]"
50,17915195620045876,IMAGE,"[59, 948, 773, 1]"
51,17855025217210772,IMAGE,"[37, 778, 657, 0]"
52,17908250128079431,IMAGE,"[77, 1143, 969, 3]"
53,17898688066095860,IMAGE,"[41, 917, 728, 0]"
54,17900322211086050,CAROUSEL_ALBUM,"[89, 1417, 967, 3, 0]"
55,17904770302107586,IMAGE,"[226, 2351, 1872, 8]"
56,17844548266233656,IMAGE,"[65, 1145, 972, 1]"
57,17893632412182959,IMAGE,"[115, 1571, 1295, 2]"
58,17860405351207476,IMAGE,"[91, 1158, 972, 0]"
59,17919632383003798,IMAGE,"[63, 949, 788, 0]"
60,17859667102220751,CAROUSEL_ALBUM,"[130, 1814, 1209, 3, 0]"
61,17919975040058508,IMAGE,"[59, 978, 838, 1]"
62,17903114569082462,IMAGE,"[92, 1009, 875, 0]"
63,17908475776115512,IMAGE,"[56, 991, 867, 2]"
64,17923002964017061,VIDEO,"[24, 665, 561, 0, 195]"
65,17895263551157766,IMAGE,"[42, 848, 738, 0]"
66,17928222571043264,CAROUSEL_ALBUM,"[87, 1458, 1056, 1, 0]"
67,17895087799177607,IMAGE,"[85, 1211, 977, 3]"
68,17863161730211062,IMAGE,"[65, 1166, 971, 1]"
69,17910495715104696,IMAGE,"[83, 1184, 1006, 5]"
70,17924015272007161,IMAGE,"[63, 932, 779, 0]"
71,17896709578153106,IMAGE,"[70, 1002, 841, 3]"
72,17906011177090490,IMAGE,"[79, 1257, 1054, 1]"
73,17899369258135026,IMAGE,"[104, 1171, 985, 7]"
74,17885094880194984,CAROUSEL_ALBUM,"[56, 1232, 878, 0, 0]"
75,17884423417195032,IMAGE,"[105, 1295, 1114, 4]"
76,17927188792039785,IMAGE,"[32, 805, 690, 1]"
77,17866990480212590,IMAGE,"[50, 932, 775, 1]"
78,17867461030215822,IMAGE,"[47, 934, 789, 1]"
79,17928324964036742,IMAGE,"[82, 1124, 963, 4]"
80,17928439957044959,IMAGE,"[74, 1249, 1063, 5]"
81,17904472480136293,IMAGE,"[70, 1080, 917, 1]"
82,17897555782173997,IMAGE,"[74, 972, 806, 6]"
83,17913691558120631,CAROUSEL_ALBUM,"[38, 1019, 700, 1, 0]"
84,17889213787197761,IMAGE,"[49, 975, 809, 1]"
85,17912036722094933,IMAGE,"[73, 1135, 950, 1]"
86,17900760310165145,IMAGE,"[51, 890, 789, 2]"
87,17858707696224418,IMAGE,"[58, 1064, 940, 4]"
88,17942452264006013,IMAGE,"[95, 1405, 1221, 4]"
89,17854500352246856,IMAGE,"[98, 1305, 1133, 2]"
90,17919190210102009,IMAGE,"[35, 712, 634, 1]"
91,17921789962103218,IMAGE,"[79, 1379, 1205, 1]"
92,17920904278099929,IMAGE,"[58, 1104, 884, 1]"
93,17905780372157928,IMAGE,"[62, 966, 820, 1]"
94,17861673604236778,IMAGE,"[52, 1014, 914, 2]"
95,17907883747183889,CAROUSEL_ALBUM,"[68, 1345, 980, 2, 0]"
96,17875469593213392,VIDEO,"[40, 777, 693, 0, 303]"
97,17935666666060909,IMAGE,"[62, 1020, 881, 0]"
98,17903775175168243,IMAGE,"[86, 1178, 1021, 2]"
99,17907874456177064,VIDEO,"[107, 1115, 953, 3, 430]"
100,17846813005254084,IMAGE,"[85, 1227, 1011, 3]"
101,17923137721119325,IMAGE,"[57, 1091, 956, 4]"
102,17932143895071823,IMAGE,"[39, 962, 798, 0]"
103,17932170901070512,IMAGE,"[42, 914, 776, 1]"
104,17867039569231070,IMAGE,"[70, 1158, 1006, 0]"
105,17938990648031644,CAROUSEL_ALBUM,"[75, 1286, 854, 1, 0]"
106,17930450815078368,IMAGE,"[37, 928, 794, 1]"
107,17879156932209252,IMAGE,"[79, 1062, 921, 3]"
108,17921331265087956,IMAGE,"[52, 799, 686, 1]"
109,17878398454216357,IMAGE,"[62, 1117, 992, 3]"
110,17848761271260302,IMAGE,"[62, 965, 876, 0]"
111,17922149812093466,IMAGE,"[75, 1026, 878, 3]"
112,17914540594178951,IMAGE,"[45, 1010, 831, 2]"
113,17851183045262816,IMAGE,"[49, 1130, 912, 0]"
114,17924442679093021,IMAGE,"[39, 712, 592, 3]"
115,17855870992248027,IMAGE,"[24, 666, 573, 0]"
116,17929949638120126,IMAGE,"[137, 1522, 1318, 6]"
117,17848205617262840,VIDEO,"[17, 501, 429, 0, 126]"
118,17942776750067204,IMAGE,"[71, 1035, 910, 1]"
119,17921181637176938,IMAGE,"[67, 1111, 876, 1]"
120,17920186042158569,IMAGE,"[79, 1014, 860, 1]"
121,17933508469121527,IMAGE,"[297, 1129, 945, 1]"
122,17892029851201473,IMAGE,"[376, 1376, 1114, 6]"
123,17888654623222834,IMAGE,"[344, 663, 563, 0]"
124,17949793012044564,VIDEO,"[145, 1214, 1023, 13, 563]"
125,17923720354176201,VIDEO,"[22, 570, 436, 1, 158]"
126,17952135835060159,IMAGE,"[402, 890, 719, 1]"
127,17954576185038778,IMAGE,"[400, 916, 762, 2]"
128,17880435934237357,IMAGE,"[398, 947, 733, 0]"
129,17934210580092074,IMAGE,"[403, 891, 753, 1]"
130,17930138893137985,VIDEO,"[50, 910, 759, 3, 360]"
131,17954734960027169,IMAGE,"[448, 1091, 932, 1]"
132,17954715586035487,IMAGE,"[607, 2182, 1857, 4]"
133,17926214440155213,IMAGE,"[502, 1745, 1442, 1]"
134,17927692195144963,VIDEO,"[456, 1170, 1011, 4, 553]"
135,17867278501248307,VIDEO,"[437, 851, 671, 10, 272]"
136,17925195484160257,IMAGE,"[486, 1151, 953, 4]"
137,17955439006046463,IMAGE,"[820, 1472, 1214, 4]"
138,17942426680118107,IMAGE,"[911, 2131, 1746, 3]"
139,17957594734060337,IMAGE,"[957, 2364, 1917, 9]"
140,17868830524254789,IMAGE,"[847, 1170, 988, 2]"
141,17869478635250019,IMAGE,"[1161, 1837, 1520, 1]"
142,17960236417010147,CAROUSEL_ALBUM,"[769, 1358, 996, 2, 0]"
143,17960754544019134,IMAGE,"[716, 1196, 979, 2]"
144,17931707290146400,IMAGE,"[766, 1749, 1450, 2]"
145,17948988397098877,IMAGE,"[826, 1704, 1408, 8]"
146,17943133012086545,IMAGE,"[781, 1458, 1220, 1]"
147,17890259056238185,IMAGE,"[851, 1820, 1558, 6]"
148,17890999255232667,IMAGE,"[694, 801, 671, 0]"
149,17964894175007493,IMAGE,"[808, 1499, 1256, 1]"
150,17902580929217444,VIDEO,"[385, 1269, 1066, 1, 450]"
151,17939630122184991,VIDEO,"[341, 851, 656, 0, 224]"
152,17965517374011531,IMAGE,"[919, 2460, 1990, 19]"
153,17938733419183427,IMAGE,"[830, 1847, 1472, 3]"
154,17955155464098197,IMAGE,"[774, 1368, 1184, 2]"
155,17953145245120433,CAROUSEL_ALBUM,"[766, 1617, 1074, 2, 0]"
156,17882293792255010,IMAGE,"[751, 1349, 1100, 0]"
157,17937438859172791,IMAGE,"[855, 1965, 1562, 8]"
158,17952170707089062,IMAGE,"[801, 1763, 1408, 1]"
159,17974500172032951,CAROUSEL_ALBUM,"[441, 1267, 893, 1, 0]"
160,17945089492177334,IMAGE,"[543, 1735, 1491, 3]"
161,17877006892269455,IMAGE,"[483, 1572, 1362, 2]"
162,17975370001044732,IMAGE,"[456, 1310, 1063, 1]"
163,17845710130290493,IMAGE,"[391, 996, 819, 0]"
164,17975899930040161,IMAGE,"[523, 1787, 1470, 8]"
165,17972739427069618,IMAGE,"[471, 1233, 1051, 1]"
166,17971315696074266,IMAGE,"[429, 1127, 920, 0]"
167,17889018676252891,CAROUSEL_ALBUM,"[437, 1143, 754, 1, 0]"
168,17979616036022005,IMAGE,"[513, 2058, 1582, 3]"
169,17952989158184911,IMAGE,"[780, 4689, 2984, 12]"
170,17968915147104580,IMAGE,"[449, 1792, 1485, 5]"
171,17908794481233243,IMAGE,"[514, 2757, 2219, 11]"
172,17962316425083261,IMAGE,"[463, 1487, 1271, 2]"
173,17982585367047527,IMAGE,"[426, 1982, 1744, 0]"
174,17911000810235517,IMAGE,"[435, 1369, 1134, 1]"
175,17985254509044584,IMAGE,"[404, 1179, 931, 0]"
176,17956614037182907,IMAGE,"[423, 1447, 1191, 3]"
177,17952954994160896,IMAGE,"[360, 1264, 1063, 3]"
178,17987256832020333,CAROUSEL_ALBUM,"[375, 1481, 1029, 0, 0]"
179,17982085822068718,IMAGE,"[415, 1769, 1512, 6]"
180,17869795027281396,VIDEO,"[71, 1157, 931, 4, 406]"
181,17973975697115975,IMAGE,"[414, 1421, 1180, 3]"
182,17973705670105771,IMAGE,"[464, 1823, 1466, 5]"
183,17990302630055444,IMAGE,"[360, 900, 763, 0]"
184,17960539591146494,IMAGE,"[361, 1186, 1081, 4]"
185,17961193180158484,IMAGE,"[418, 1331, 1152, 3]"
186,17966005000143567,CAROUSEL_ALBUM,"[370, 1207, 778, 0, 0]"
187,17919389515237406,IMAGE,"[408, 1665, 1418, 2]"
188,17967025666134849,IMAGE,"[446, 1828, 1503, 0]"
189,17980422931102215,CAROUSEL_ALBUM,"[469, 1142, 726, 4, 0]"
190,17968224526180611,IMAGE,"[412, 1113, 923, 0]"
191,17921968168231654,IMAGE,"[439, 1337, 1119, 3]"
192,17923422916239521,IMAGE,"[557, 1435, 1200, 6]"
193,17975302207094114,CAROUSEL_ALBUM,"[565, 1475, 1021, 2, 0]"
194,17934301372223760,CAROUSEL_ALBUM,"[611, 1129, 762, 15, 0]"
195,18000780502024720,IMAGE,"[623, 1119, 979, 0]"
196,17868374323290541,CAROUSEL_ALBUM,"[642, 1708, 1107, 2, 0]"
197,18000205252031458,CAROUSEL_ALBUM,"[546, 1128, 724, 1, 0]"
198,17999206954051140,VIDEO,"[26, 642, 517, 0, 130]"
199,17899828477263722,IMAGE,"[609, 1286, 1054, 3]"
200,17869537606289752,IMAGE,"[583, 940, 783, 2]"
201,17967389164167162,IMAGE,"[519, 1053, 906, 1]"
202,17985510739117955,CAROUSEL_ALBUM,"[573, 1132, 646, 1, 0]"
203,18002501560036121,IMAGE,"[662, 1971, 1737, 41]"
204,17965702330173648,IMAGE,"[563, 1109, 977, 3]"
205,18003621985018161,IMAGE,"[579, 1264, 1126, 1]"
206,18003723127050131,IMAGE,"[485, 905, 775, 0]"
207,17913797692250843,IMAGE,"[508, 1273, 1053, 0]"
208,17874202042290723,CAROUSEL_ALBUM,"[580, 1364, 794, 3, 0]"
209,17975073241155132,IMAGE,"[613, 2311, 2090, 22]"
210,17914134043260439,IMAGE,"[607, 2309, 1974, 25]"
211,18008120209040892,CAROUSEL_ALBUM,"[531, 919, 502, 1, 0]"
212,18007928557040365,IMAGE,"[663, 2037, 1772, 16]"
213,17984944495089050,IMAGE,"[585, 2286, 1980, 14]"
214,17965276639199748,IMAGE,"[780, 3676, 2933, 24]"
215,18001895365079833,IMAGE,"[612, 1811, 1621, 4]"
216,17978820838179211,IMAGE,"[559, 1030, 840, 3]"
217,17902616026274679,IMAGE,"[626, 2036, 1628, 1]"
218,17994186064117855,IMAGE,"[602, 1624, 1218, 1]"
219,17847769909315377,IMAGE,"[570, 1565, 1305, 10]"
220,17913083419265399,IMAGE,"[774, 3457, 2976, 150]"
221,17988793531093331,IMAGE,"[503, 1108, 982, 13]"
222,17984477278133034,IMAGE,"[600, 2161, 1910, 5]"
223,17990832526089272,IMAGE,"[604, 1795, 1474, 3]"
224,17847924490319810,IMAGE,"[734, 2492, 1998, 3]"
225,17936382289246730,IMAGE,"[657, 2133, 1815, 4]"
226,17842413697335617,IMAGE,"[581, 1621, 1372, 5]"
227,17982562705166950,CAROUSEL_ALBUM,"[818, 4157, 3225, 175, 0]"
228,17952607423220008,IMAGE,"[627, 1437, 1232, 10]"
229,17927258683251342,IMAGE,"[599, 1395, 1136, 0]"
230,18005850484098823,IMAGE,"[603, 1373, 1119, 5]"
231,17945192905240416,IMAGE,"[720, 2766, 2316, 14]"
232,17904989902284036,IMAGE,"[622, 1460, 1205, 3]"
233,18008322151111998,IMAGE,"[599, 1923, 1608, 28]"
234,18017366311078596,IMAGE,"[621, 2141, 1782, 6]"
235,17993449360146413,VIDEO,"[60, 1547, 1292, 6, 623]"
236,17951558218226422,IMAGE,"[582, 1556, 1343, 32]"
237,17849710606343945,IMAGE,"[725, 2925, 2494, 8]"
238,18027684907020485,IMAGE,"[574, 1838, 1560, 4]"
239,17928431194270025,IMAGE,"[632, 1757, 1512, 1]"
240,17967858838203455,CAROUSEL_ALBUM,"[558, 1214, 738, 1, 0]"
241,17911162750303391,IMAGE,"[528, 1119, 939, 2]"
242,18029488876002601,IMAGE,"[562, 1539, 1269, 0]"
243,17898845350289232,IMAGE,"[566, 1668, 1428, 2]"
244,18031460827025740,IMAGE,"[888, 3920, 3334, 189]"
245,18024179272074367,IMAGE,"[582, 1517, 1264, 4]"
246,17914013773304963,IMAGE,"[579, 2628, 2138, 1]"
247,18026407072075553,IMAGE,"[594, 2184, 1537, 14]"
248,18018173692109067,IMAGE,"[618, 3034, 2395, 5]"
249,18033261463015546,IMAGE,"[753, 4052, 3140, 6]"
250,18035156197038614,IMAGE,"[616, 2908, 2246, 1]"
251,17850003703360291,IMAGE,"[707, 5773, 4082, 24]"
252,18008667694186878,CAROUSEL_ALBUM,"[573, 1577, 807, 3, 0]"
253,18037796533028002,IMAGE,"[573, 1774, 1412, 0]"
254,17963305261230387,IMAGE,"[624, 2398, 1998, 4]"
255,17919006337303408,IMAGE,"[566, 1798, 1360, 1]"
256,17869672219321503,IMAGE,"[586, 2252, 1803, 1]"
257,18038242012012240,IMAGE,"[589, 2155, 1612, 2]"
258,18023814484113702,IMAGE,"[676, 3477, 2707, 13]"
259,17961146737246435,IMAGE,"[582, 2504, 2027, 0]"
260,17857096564355086,IMAGE,"[580, 1561, 1243, 0]"
261,17976186346211957,IMAGE,"[514, 1232, 947, 1]"
262,17909872018288314,IMAGE,"[537, 1800, 1474, 1]"
263,18024095728125840,IMAGE,"[1023, 1815, 1512, 3]"
264,17864249170343758,IMAGE,"[716, 3985, 2917, 15]"
265,17949194452257009,IMAGE,"[524, 1416, 1044, 0]"
266,18005478364173290,IMAGE,"[1004, 1145, 846, 0]"
267,17860685647354636,IMAGE,"[518, 1628, 1243, 4]"
268,17846069896391152,IMAGE,"[595, 3334, 2641, 4]"
269,17927312491303286,IMAGE,"[1007, 1416, 1194, 0]"
270,17914373056289969,VIDEO,"[81, 3052, 2667, 1, 1153]"
271,17844375745395829,CAROUSEL_ALBUM,"[540, 1754, 1018, 1, 0]"
272,17859722842366593,VIDEO,"[88, 2205, 1865, 1, 894]"
273,17948520835271873,IMAGE,"[517, 1333, 1103, 1]"
274,17987714923204705,IMAGE,"[570, 1931, 1655, 6]"
275,17872799050339073,IMAGE,"[582, 1602, 1337, 2]"
276,18051997099014456,IMAGE,"[529, 991, 794, 1]"
277,18023633479185609,IMAGE,"[607, 1969, 1418, 0]"
278,18009134089195078,IMAGE,"[721, 4705, 3201, 8]"
279,17878867792326433,VIDEO,"[51, 1629, 1269, 0, 341]"
280,18028053841186445,IMAGE,"[602, 3576, 2980, 2]"
281,17898831787306885,IMAGE,"[643, 2670, 2210, 2]"
282,17876228569342822,IMAGE,"[605, 1522, 1117, 3]"
283,17845141420424174,IMAGE,"[590, 1773, 1522, 0]"
284,17842509775431128,IMAGE,"[573, 1681, 1314, 1]"
285,18034183222085009,IMAGE,"[608, 1068, 864, 1]"
286,18060301084054794,IMAGE,"[1077, 2758, 2605, 0]"
287,18042565822128386,CAROUSEL_ALBUM,"[1046, 2413, 1852, 3, 0]"
288,17894758315314885,IMAGE,"[634, 1986, 1565, 8]"
289,18060006793010107,IMAGE,"[583, 1301, 1029, 0]"
290,17885288941331023,IMAGE,"[582, 1536, 1318, 0]"
291,18046233160109655,CAROUSEL_ALBUM,"[606, 1734, 1064, 3, 0]"
292,17880695161346502,IMAGE,"[600, 1923, 1588, 1]"
293,18043062028120372,CAROUSEL_ALBUM,"[651, 2183, 1198, 3, 0]"
294,17970397546249648,VIDEO,"[69, 1562, 1286, 0, 271]"
295,18032738386147029,IMAGE,"[544, 1416, 1245, 1]"
296,17907642118306044,IMAGE,"[554, 1579, 1280, 3]"
297,18034889023181382,IMAGE,"[65, 801, 649, 0]"
298,18032530219157693,VIDEO,"[50, 1242, 1038, 0, 438]"
299,18059736238079915,IMAGE,"[102, 1753, 1440, 3]"
300,18064037908067622,CAROUSEL_ALBUM,"[54, 925, 470, 0, 0]"
301,18047265880121665,IMAGE,"[71, 1248, 1000, 0]"
302,17868227536381916,IMAGE,"[83, 1671, 1288, 2]"
303,17959902703274146,IMAGE,"[54, 1141, 959, 2]"
304,18070464040054740,VIDEO,"[33, 1096, 931, 0, 222]"
305,17887599064354291,IMAGE,"[79, 993, 803, 0]"
306,17970375070265037,IMAGE,"[83, 1227, 1003, 2]"
307,17850814564453189,IMAGE,"[85, 1774, 1503, 1]"
308,17884485736363768,IMAGE,"[74, 1480, 1182, 0]"
309,17996824708236156,IMAGE,"[95, 1758, 1462, 1]"
310,18007849039208435,IMAGE,"[93, 1308, 979, 3]"
311,18046392154187434,IMAGE,"[50, 1406, 1126, 2]"
312,18076350367006058,IMAGE,"[71, 1207, 936, 1]"
313,17898189262330327,IMAGE,"[80, 2216, 1860, 1]"
314,18046800157138574,IMAGE,"[127, 2955, 2369, 2]"
315,17862804517421329,IMAGE,"[42, 1078, 832, 4]"
316,17980375531257460,IMAGE,"[99, 1696, 1384, 0]"
317,18007324834216989,IMAGE,"[72, 1607, 1324, 2]"
318,18047430979191743,IMAGE,"[138, 2197, 1779, 1]"
319,18060058147119914,IMAGE,"[97, 1540, 1140, 3]"
320,17918877487305543,IMAGE,"[71, 1814, 1458, 1]"
321,18009986479217587,VIDEO,"[56, 1934, 1604, 1, 592]"
322,17907789118316003,IMAGE,"[132, 2154, 1768, 2]"
323,18045722749178786,IMAGE,"[64, 1260, 983, 2]"
324,18036395314168027,IMAGE,"[47, 1215, 1033, 1]"
325,18061397518105095,IMAGE,"[49, 1269, 1005, 1]"
326,18002394106238266,IMAGE,"[114, 2608, 2096, 2]"
327,18050109850189170,IMAGE,"[62, 1743, 1464, 4]"
328,17868438676411705,IMAGE,"[50, 1482, 1169, 0]"
329,18046229572157061,IMAGE,"[85, 1970, 1604, 0]"
330,17878173271386217,IMAGE,"[128, 2568, 2121, 6]"
331,17847045649492118,IMAGE,"[95, 1824, 1491, 5]"
332,18053397130082952,VIDEO,"[19, 1695, 1499, 2, 562]"
333,18080380831027996,IMAGE,"[38, 960, 750, 1]"
334,18058397566127533,IMAGE,"[99, 1949, 1597, 4]"
335,18048198565147001,IMAGE,"[40, 1833, 1430, 3]"
336,18082272361012930,IMAGE,"[62, 1501, 1211, 1]"
337,17867081338427271,IMAGE,"[32, 859, 646, 0]"
338,17898606160347581,IMAGE,"[69, 1592, 1316, 1]"
339,17900139634344041,IMAGE,"[42, 1142, 918, 1]"
340,18054305458092202,IMAGE,"[115, 3962, 3045, 7]"
341,17848929751498146,IMAGE,"[85, 1594, 1324, 4]"
342,17890735750366015,IMAGE,"[39, 1081, 898, 0]"
343,17847548149503339,VIDEO,"[24, 1986, 1742, 2, 305]"
344,17865075715436285,IMAGE,"[76, 2036, 1628, 8]"
345,18065120578115038,IMAGE,"[66, 1237, 1003, 3]"
346,17854091656474243,IMAGE,"[54, 1304, 1054, 1]"
347,18085077385024087,IMAGE,"[74, 1375, 1026, 0]"
348,17888091337375150,IMAGE,"[45, 1229, 980, 1]"
349,17895500563361701,IMAGE,"[64, 1499, 1260, 2]"
350,17892297463367589,IMAGE,"[55, 1541, 1240, 1]"
351,18069318823128424,IMAGE,"[88, 2318, 1885, 1]"
352,18007292020233151,IMAGE,"[66, 1288, 1023, 1]"
353,17990400052250022,IMAGE,"[252, 3572, 2984, 17]"
354,18050541199157124,IMAGE,"[64, 1197, 964, 1]"
355,17852266447495799,IMAGE,"[54, 1097, 883, 0]"
356,18007198813243392,IMAGE,"[92, 1639, 1305, 1]"
357,17853791638495564,IMAGE,"[132, 2704, 2196, 8]"
358,18059335921081079,IMAGE,"[43, 1581, 1279, 0]"
359,17890406425375408,IMAGE,"[74, 1683, 1404, 3]"
360,18088270582047522,IMAGE,"[75, 1358, 1088, 1]"
361,17919983545310407,IMAGE,"[132, 2287, 1857, 6]"
362,18089103715045023,IMAGE,"[231, 2916, 2344, 11]"
363,17851236655507383,IMAGE,"[154, 2740, 2178, 4]"
364,18059929819095346,IMAGE,"[95, 1809, 1452, 0]"
365,18010553989234201,IMAGE,"[68, 1646, 1316, 2]"
366,18087865330021655,IMAGE,"[285, 5153, 3961, 30]"
367,18025160149203027,IMAGE,"[64, 1088, 826, 1]"
368,17873939449426234,IMAGE,"[72, 1393, 1114, 0]"
369,17855274421499409,IMAGE,"[63, 1328, 1054, 0]"
370,17986181560271477,IMAGE,"[197, 2906, 2357, 8]"
371,17847669589545555,IMAGE,"[102, 1792, 1408, 3]"
372,18071849476103410,IMAGE,"[46, 1410, 1110, 2]"
373,17859926788472495,IMAGE,"[455, 7035, 5821, 50]"
374,17852808178510180,IMAGE,"[33, 926, 751, 0]"
375,18092910868027076,IMAGE,"[45, 1221, 992, 0]"
376,17874813736422292,IMAGE,"[46, 1175, 884, 1]"
377,18091780927055565,IMAGE,"[86, 1624, 1303, 1]"
378,17859156634486743,IMAGE,"[274, 4032, 3090, 12]"
379,18083990296075953,IMAGE,"[82, 1686, 1326, 1]"
380,17881600165408838,IMAGE,"[114, 1881, 1464, 8]"
381,17871974452441399,IMAGE,"[77, 1961, 1606, 3]"
382,17865283351461663,IMAGE,"[73, 1126, 838, 4]"
383,18022578862221852,CAROUSEL_ALBUM,"[103, 2280, 1349, 5, 0]"
384,18013569334240319,IMAGE,"[38, 1215, 974, 0]"
385,17972448784302952,IMAGE,"[110, 1886, 1510, 8]"
386,18049681885170716,IMAGE,"[81, 1606, 1264, 5]"
387,17995905466261367,IMAGE,"[113, 2371, 1897, 10]"
388,17867960542457605,IMAGE,"[264, 4285, 3543, 23]"
389,18090885907064436,IMAGE,"[118, 1945, 1606, 6]"
390,17925904459313089,IMAGE,"[45, 1148, 925, 0]"
391,17874237724441001,IMAGE,"[72, 1558, 1271, 4]"
392,18066123175093686,IMAGE,"[71, 1827, 1483, 0]"
393,18065105545133049,IMAGE,"[56, 868, 665, 4]"
394,17856813967509787,IMAGE,"[62, 1574, 1258, 2]"
395,17843951098618605,IMAGE,"[137, 2127, 1777, 11]"
396,17991729379271209,VIDEO,"[34, 1744, 1466, 1, 569]"
397,17857123045520108,IMAGE,"[97, 1756, 1422, 9]"
398,17892568366386894,VIDEO,"[77, 2617, 2141, 6, 719]"
399,17850886990560569,IMAGE,"[46, 1311, 1011, 5]"
400,17905361440363299,IMAGE,"[157, 2552, 1988, 2]"
401,18099292390038132,IMAGE,"[107, 2041, 1657, 3]"
402,17851237576576631,IMAGE,"[171, 2461, 1967, 12]"
403,17915096749341443,IMAGE,"[218, 4027, 3434, 11]"
404,17871956902453602,IMAGE,"[61, 1118, 883, 1]"
405,17843855956630994,IMAGE,"[50, 1314, 1068, 1]"
406,18069181486091596,IMAGE,"[57, 1867, 1520, 1]"
407,17894275921384147,IMAGE,"[87, 1824, 1442, 5]"
408,18099331384058999,IMAGE,"[48, 1411, 1155, 0]"
409,18075810949122427,IMAGE,"[204, 3219, 2491, 11]"
410,17865395935482791,IMAGE,"[76, 1561, 1279, 5]"
411,18070954975136875,VIDEO,"[424, 12853, 10596, 33, 5550]"
412,18100520470038394,IMAGE,"[44, 928, 746, 2]"
413,18055362448173931,IMAGE,"[44, 1066, 867, 0]"
414,18021463672227534,IMAGE,"[105, 2572, 2190, 6]"
415,18081650977103857,IMAGE,"[47, 1124, 837, 3]"
416,17925461323325721,IMAGE,"[60, 1931, 1528, 5]"
417,18102793507050522,IMAGE,"[153, 2718, 2213, 13]"
418,17891953969400236,IMAGE,"[37, 885, 700, 0]"
419,18071445424082465,IMAGE,"[100, 2578, 2099, 2]"
420,18020234569240353,IMAGE,"[53, 1498, 1227, 5]"
421,17858060266550471,IMAGE,"[127, 2452, 1990, 3]"
422,17926363090316727,CAROUSEL_ALBUM,"[202, 3198, 2141, 7, 0]"
423,17859003490547765,IMAGE,"[85, 1798, 1476, 6]"
424,18072965824089304,VIDEO,"[105, 9136, 8850, 3, 2447]"
425,17964564394293625,IMAGE,"[143, 1741, 1442, 0]"
426,18093778192075666,CAROUSEL_ALBUM,"[32, 977, 591, 0, 0]"
427,18084417472117793,VIDEO,"[117, 2842, 2273, 8, 801]"
428,18032803363216401,IMAGE,"[62, 992, 801, 0]"
429,18034086037223399,CAROUSEL_ALBUM,"[98, 1177, 769, 1, 0]"
430,17845391998697773,CAROUSEL_ALBUM,"[77, 1402, 909, 1, 0]"
431,18059383516197394,IMAGE,"[295, 5764, 4816, 11]"
432,17886173089428401,CAROUSEL_ALBUM,"[42, 1094, 656, 0, 0]"
433,18111897763016276,CAROUSEL_ALBUM,"[50, 1688, 1034, 2, 0]"
434,17878846258446504,VIDEO,"[62, 1728, 1434, 7, 434]"
435,17851175503653148,IMAGE,"[84, 1999, 1698, 0]"
436,17847627493700225,IMAGE,"[125, 3338, 2796, 0]"
437,17923940302338156,IMAGE,"[115, 1815, 1560, 0]"
438,17887647805425413,CAROUSEL_ALBUM,"[102, 1809, 1242, 2, 0]"
439,17913761125362647,IMAGE,"[125, 1714, 1312, 0]"
